﻿{"cameraMode":{"drawMode":0,"name":"Shaded","section":"Shading Mode"},"sceneLighting":true,"audioPlay":false,"sceneViewState":{"showFog":true,"showMaterialUpdate":false,"showSkybox":true,"showFlares":true,"showImageEffects":true,"showParticleSystems":true},"in2DMode":false,"pivot":{"x":4.3897199630737309,"y":3.43778920173645,"z":2.4015872478485109},"rotation":{"x":0.0026902754325419666,"y":0.008097480051219464,"z":0.000022693453502142802,"w":-0.9999683499336243},"size":21.866622924804689,"orthographic":false}